start_line	end_line	file	offset_in_file
1	7	02-agent-rules.md	1
8	14	03-scope.md	1
15	47	02-agent-rules.md	8
48	96	03-scope.md	8
97	152	04-roles-stewardship.md	1
153	223	05-lifecycle-participation.md	1
224	397	07-systemic-evidence.md	1
398	415	05-lifecycle-participation.md	72
416	498	06-moderation-geo-governance.md	1
499	630	08-election-accountability.md	1
631	762	09-civic-protocol.md	1
763	785	10-data-model.md	1
786	862	11-architecture.md	1
863	921	12-decentralization-ready.md	1
922	1154	13-decentralization-track.md	1
1155	1182	12-decentralization-ready.md	60
1183	1193	11-architecture.md	78
1194	1323	14-ai-privacy-gateway.md	1
1324	1473	15-ai-inference.md	1
1474	1497	16-security-a11y-ops-testing.md	1
1498	1647	17-ux.md	1
1648	1663	23-open-decisions.md	1
1664	1684	17-ux.md	151
1685	1736	16-security-a11y-ops-testing.md	25
1737	1904	18-phases-gates.md	1
1905	1958	13-decentralization-track.md	234
1959	1960	18-phases-gates.md	169
1961	2007	19-artifacts.md	1
2008	2186	20-participation-nonmonetary.md	1
2187	2348	21-open-source-governance.md	1
2349	2433	22-ai-contribution-policy.md	1
2434	2538	21-open-source-governance.md	163
2539	2595	18-phases-gates.md	171
2596	2650	23-open-decisions.md	17
2651	2666	02-agent-rules.md	41
2667	2681	18-phases-gates.md	228
2682	2692	02-agent-rules.md	57
2693	4233	constitution/_staging.md	1
