old_article	new_id	mnemonic	status	first_phase	file
1	I.1	PURPOSE-RESOLUTION	Drafted	S1	ch01-purpose-scope.md
2	I.4	SIGNAL-TO-PUBLIC	Drafted	S1	ch01-purpose-scope.md
3	I.5	TAXONOMY-CLOSED	Drafted	S1	ch01-purpose-scope.md
4	IV.1	CONTRIBUTION-FRAMING	Position	S1	ch04-resolution-lifecycle.md
5	IV.1	CONTRIBUTION-FRAMING	Position	S1	ch04-resolution-lifecycle.md
6	IV.4	STATUS-VERIFICATION	Decided	S1-min	ch04-resolution-lifecycle.md
7	IV.3	PROPOSAL-HYPOTHESIS	Decided	P3	ch04-resolution-lifecycle.md
8	IV.3	PROPOSAL-HYPOTHESIS	Position	P3	ch04-resolution-lifecycle.md
9	IV.4	STATUS-VERIFICATION	Drafted	S1-min	ch04-resolution-lifecycle.md
10	IV.5	LAW-GATE-STUCK	Decided	P4	ch04-resolution-lifecycle.md
11	IV.2	SCOPE-AFFECTED	Decided	S1-min	ch04-resolution-lifecycle.md
12	IV.2	SCOPE-AFFECTED	Drafted	P3	ch04-resolution-lifecycle.md
13	IV.2	SCOPE-AFFECTED	Drafted	P3	ch04-resolution-lifecycle.md
14	IV.2	SCOPE-AFFECTED	Position	P3	ch04-resolution-lifecycle.md
15	V.1	AI-INSTRUMENT	Position	S1	ch05-ai-review-appeals.md
16	IV.7	CONTEXTUAL-REUSE	Drafted	P4	ch04-resolution-lifecycle.md
17	IV.4	STATUS-VERIFICATION	Drafted	P4	ch04-resolution-lifecycle.md
18	II.1	PSEUDONYM-ZONES	Drafted	S1	ch02-privacy-participation.md
19	I.1	PURPOSE-RESOLUTION	Drafted	S1	ch01-purpose-scope.md
20	V.3	MACHINE-RULES	Drafted	S1	ch05-ai-review-appeals.md
21	IV.5	LAW-GATE-STUCK	Decided	S1	ch04-resolution-lifecycle.md
22	IV.8	STEWARDSHIP-AUTHORITY	Drafted	S1	ch04-resolution-lifecycle.md
23	V.6	DISTRIBUTED-REVIEW	Decided	P5	ch05-ai-review-appeals.md
24	IV.6	LEGAL-SOURCES	Drafted	S1-min	ch04-resolution-lifecycle.md
25	I.2	RIGHTS-PRECEDENCE	Decided	S1	ch01-purpose-scope.md
26	V.1	AI-INSTRUMENT	Decided	S1	ch05-ai-review-appeals.md
27	VII.3	REPUTATION	Decided	P5	ch07-expertise-reputation.md
28	IX.1	ANTI-CAPTURE	Decided	D	ch09-decentralization.md
29	I.7	NONMONETARY-INDEPENDENT	Drafted	S1	ch01-purpose-scope.md
30	IV.8	STEWARDSHIP-AUTHORITY	Decided	P3	ch04-resolution-lifecycle.md
31	V.4	PREPUB-FAILCLOSED	Decided	S1	ch05-ai-review-appeals.md
32	V.6	DISTRIBUTED-REVIEW	Drafted	P5	ch05-ai-review-appeals.md
33	VII.1	EXPERTISE	Decided	P5	ch07-expertise-reputation.md
34	VII.2	COMPETENCE	Drafted	P5	ch07-expertise-reputation.md
35	VII.3	REPUTATION	Decided	P5	ch07-expertise-reputation.md
36	VIII.2	AMEND-STEWARDSHIP	Decided	S1	ch08-governance.md
37	IV.6	LEGAL-SOURCES	Drafted	P5	ch04-resolution-lifecycle.md
38	IX.3	NODE-COMPROMISE	Decided	D	ch09-decentralization.md
39	II.2	ASSURANCE-ANTIBOT	Position	S1-min	ch02-privacy-participation.md
40	II.5	DELIBERATE-PARTICIPATION	Decided	S1	ch02-privacy-participation.md
41	VI.1	PROPORTIONATE-RESTRICT	Drafted	S1-min	ch06-sanctions.md
42	VI.1	PROPORTIONATE-RESTRICT	Decided	P5	ch06-sanctions.md
43	VI.2	SANCTION-ABUSE	Decided	S1	ch06-sanctions.md
44	V.5	APPEALS-FEEDBACK	Drafted	P5	ch05-ai-review-appeals.md
45	V.4	PREPUB-FAILCLOSED	Decided	S1	ch05-ai-review-appeals.md
46	IV.8	STEWARDSHIP-AUTHORITY	Drafted	P3	ch04-resolution-lifecycle.md
47	II.1	PSEUDONYM-ZONES	Position	S1	ch02-privacy-participation.md
48	II.2	ASSURANCE-ANTIBOT	Drafted	S1-min	ch02-privacy-participation.md
49	II.2	ASSURANCE-ANTIBOT	Drafted	P5	ch02-privacy-participation.md
50	VI.3	DEACTIVATE-RESTORE	Decided	P5	ch06-sanctions.md
51	I.6	CRISIS-ROUTING	Drafted	S1	ch01-purpose-scope.md
52	I.1	PURPOSE-RESOLUTION	Drafted	S1	ch01-purpose-scope.md
53	II.2	ASSURANCE-ANTIBOT	Drafted	P5	ch02-privacy-participation.md
54	III.1	ROLES-NOT-NAMES	Decided	S1	ch03-discourse-evidence.md
55	III.3	EXTERNAL-EVIDENCE	Drafted	S1-min	ch03-discourse-evidence.md
56	I.1	PURPOSE-RESOLUTION	Drafted	S1	ch01-purpose-scope.md
57	I.3	SCOPE-PUBLIC-ONLY	Drafted	S1	ch01-purpose-scope.md
58	I.4	SIGNAL-TO-PUBLIC	Drafted	S1	ch01-purpose-scope.md
59	VII.1	EXPERTISE	Drafted	P5	ch07-expertise-reputation.md
60	II.4	AGE-YOUTH	Drafted	S1	ch02-privacy-participation.md
61	III.3	EXTERNAL-EVIDENCE	Decided	P7	ch03-discourse-evidence.md
62	VIII.3	JURISDICTION-GATE	Drafted	S1	ch08-governance.md
63	II.3	RECOVERY-USER	Decided	S1	ch02-privacy-participation.md
64	V.4	PREPUB-FAILCLOSED	Drafted	S1	ch05-ai-review-appeals.md
65	II.1	PSEUDONYM-ZONES	Decided	S1	ch02-privacy-participation.md
66	II.6	OPEN-PUBLICATION-GATE	Decided	S1	ch02-privacy-participation.md
67	II.9	AGGREGATION-SAFE	Drafted	P7	ch02-privacy-participation.md
68	III.4	EVIDENCE-TIERS	Decided	S1	ch03-discourse-evidence.md
69	III.1	ROLES-NOT-NAMES	Decided	S1	ch03-discourse-evidence.md
70	III.2	NO-ADJUDICATION	Drafted	S1	ch03-discourse-evidence.md
71	I.3	SCOPE-PUBLIC-ONLY	Drafted	S1	ch01-purpose-scope.md
72	VII.1	EXPERTISE	Drafted	P5	ch07-expertise-reputation.md
73	II.4	AGE-YOUTH	Drafted	S1	ch02-privacy-participation.md
74	III.6	DURABLE-MEMORY	Decided	P3	ch03-discourse-evidence.md
75	III.4	EVIDENCE-TIERS	Decided	S1	ch03-discourse-evidence.md
76	III.4	EVIDENCE-TIERS	Drafted	P7	ch03-discourse-evidence.md
77	II.4	AGE-YOUTH	Decided	S1	ch02-privacy-participation.md
78	VIII.1	LAYERED-GOVERNANCE	Decided	P5	ch08-governance.md
79	II.7	NO-BULK-EXTRACTION	Drafted	S1	ch02-privacy-participation.md
80	II.8	WITHDRAWAL	Drafted	S1	ch02-privacy-participation.md
81	III.1	ROLES-NOT-NAMES	Drafted	S1	ch03-discourse-evidence.md
82	III.5	CLAIM-SOURCES	Decided	S1-min	ch03-discourse-evidence.md
83	III.6	DURABLE-MEMORY	Drafted	P3	ch03-discourse-evidence.md
84	III.5	CLAIM-SOURCES	Decided	P7	ch03-discourse-evidence.md
85	X.1	SYSTEMIC-GRAPH	Drafted	P7	ch10-systemic-accountability.md
86	X.2	RESPONSIBILITY-BLOCKERS	Drafted	P7	ch10-systemic-accountability.md
87	X.3	COMMUNITY-AUTHORITY	Decided	P4	ch10-systemic-accountability.md
88	X.4	PROCEDURAL-MEMORY	Drafted	P7	ch10-systemic-accountability.md
89	XI.1	ACCOUNTABILITY	Decided	P8	ch11-elections.md
90	XI.2	CANDIDATE-EXCEPTION	Decided	P8	ch11-elections.md
91	XI.3	PROMINENCE	Drafted	P8	ch11-elections.md
92	XI.4	COMMITMENTS	Drafted	P8	ch11-elections.md
93	XI.5	VOTER-BRIEFS	Drafted	P8	ch11-elections.md
94	XI.6	ELECTION-GATE	Drafted	P8	ch11-elections.md
95	IX.2	LAUNCH-PORTABLE	Decided	S1	ch09-decentralization.md
96	II.6	OPEN-PUBLICATION-GATE	Decided	S1	ch02-privacy-participation.md
97	V.2	BOUNDED-INFERENCE	Decided	S1-min	ch05-ai-review-appeals.md
98	I.7	NONMONETARY-INDEPENDENT	Decided	S1	ch01-purpose-scope.md
99	IX.4	COMMUNITY-NODES	Decided	D	ch09-decentralization.md
